{"cameraMode":{"drawMode":0,"name":"Shaded","section":"Shading Mode"},"sceneLighting":true,"audioPlay":false,"sceneViewState":{"showFog":true,"showMaterialUpdate":false,"showSkybox":true,"showFlares":true,"showImageEffects":true,"showParticleSystems":true},"in2DMode":false,"pivot":{"x":-32.371986389160159,"y":0.5222446918487549,"z":9.936480522155762},"rotation":{"x":-0.1354408860206604,"y":0.7368690967559815,"z":-0.15498678386211396,"w":-0.643940269947052},"size":44.15113067626953,"orthographic":false}