{"cameraMode":{"drawMode":0,"name":"Shaded","section":"Shading Mode"},"sceneLighting":true,"audioPlay":false,"sceneViewState":{"m_AlwaysRefresh":false,"showFog":true,"showSkybox":true,"showFlares":true,"showImageEffects":true,"showParticleSystems":true,"showVisualEffectGraphs":true,"m_FxEnabled":true},"in2DMode":false,"pivot":{"x":177.53306579589845,"y":23.930221557617189,"z":146.68177795410157},"rotation":{"x":0.6589314341545105,"y":-0.0011283215135335923,"z":0.000988357118330896,"w":0.7522021532058716},"size":145.8857421875,"orthographic":true}