{"cameraMode":{"drawMode":0,"name":"Shaded","section":"Shading Mode"},"sceneLighting":true,"audioPlay":false,"sceneViewState":{"showFog":true,"showMaterialUpdate":false,"showSkybox":false,"showFlares":true,"showImageEffects":true,"showParticleSystems":true},"in2DMode":false,"pivot":{"x":54.70487976074219,"y":21.009422302246095,"z":16.990346908569337},"rotation":{"x":-0.1343504786491394,"y":0.6227788329124451,"z":-0.10966937988996506,"w":-0.7629351019859314},"size":10.393231391906739,"orthographic":false}