{"cameraMode":{"drawMode":0,"name":"Shaded","section":"Shading Mode"},"sceneLighting":false,"audioPlay":false,"sceneViewState":{"showFog":true,"showMaterialUpdate":false,"showSkybox":true,"showFlares":true,"showImageEffects":true,"showParticleSystems":true},"in2DMode":false,"pivot":{"x":291.76214599609377,"y":48.50587844848633,"z":207.92654418945313},"rotation":{"x":-0.05934632942080498,"y":0.5141884684562683,"z":-0.03569541499018669,"w":-0.854876697063446},"size":4.727809906005859,"orthographic":false}